datetime_beginning_ept,nerc_region,mkt_region,zone,load_area,mw,Price Data,Load Data,price
8/1/2019 12:00:00 AM,RFC,WEST,AEP,AEPAPT,3996.49,19.278333,4,0.019278333
8/1/2019 1:00:00 AM,RFC,WEST,AEP,AEPAPT,3780.192,18.181667,4,0.018181667
8/1/2019 2:00:00 AM,RFC,WEST,AEP,AEPAPT,3657.347,16.665833,4,0.016665833
8/1/2019 3:00:00 AM,RFC,WEST,AEP,AEPAPT,3579.487,15.8025,4,0.0158025
8/1/2019 4:00:00 AM,RFC,WEST,AEP,AEPAPT,3569.723,15.764167,4,0.015764167
8/1/2019 5:00:00 AM,RFC,WEST,AEP,AEPAPT,3694.94,18.970833,4,0.018970833
8/1/2019 6:00:00 AM,RFC,WEST,AEP,AEPAPT,3876.626,19.16,4,0.01916
8/1/2019 7:00:00 AM,RFC,WEST,AEP,AEPAPT,4069.562,20.544167,4,0.020544167
8/1/2019 8:00:00 AM,RFC,WEST,AEP,AEPAPT,4274.242,22.699167,4,0.022699167
8/1/2019 9:00:00 AM,RFC,WEST,AEP,AEPAPT,4541.33,24.088333,5,0.024088333
8/1/2019 10:00:00 AM,RFC,WEST,AEP,AEPAPT,4921.07,24.323333,5,0.024323333
8/1/2019 11:00:00 AM,RFC,WEST,AEP,AEPAPT,5248.471,24.939167,5,0.024939167
8/1/2019 12:00:00 PM,RFC,WEST,AEP,AEPAPT,5505.212,25.763333,6,0.025763333
8/1/2019 1:00:00 PM,RFC,WEST,AEP,AEPAPT,5790.458,29.536667,6,0.029536667
8/1/2019 2:00:00 PM,RFC,WEST,AEP,AEPAPT,5969.598,28.215833,6,0.028215833
8/1/2019 3:00:00 PM,RFC,WEST,AEP,AEPAPT,6004.827,29.496667,6,0.029496667
8/1/2019 4:00:00 PM,RFC,WEST,AEP,AEPAPT,5859.258,39.986667,6,0.039986667
8/1/2019 5:00:00 PM,RFC,WEST,AEP,AEPAPT,5721.2,53.2075,6,0.0532075
8/1/2019 6:00:00 PM,RFC,WEST,AEP,AEPAPT,5550.963,30.195,6,0.030195
8/1/2019 7:00:00 PM,RFC,WEST,AEP,AEPAPT,5276.587,32.010833,5,0.032010833
8/1/2019 8:00:00 PM,RFC,WEST,AEP,AEPAPT,5048.72,29.783333,5,0.029783333
8/1/2019 9:00:00 PM,RFC,WEST,AEP,AEPAPT,4901.347,27.065833,5,0.027065833
8/1/2019 10:00:00 PM,RFC,WEST,AEP,AEPAPT,4582.842,21.699167,5,0.021699167
8/1/2019 11:00:00 PM,RFC,WEST,AEP,AEPAPT,4247.62,20.853333,4,0.020853333
8/2/2019 12:00:00 AM,RFC,WEST,AEP,AEPAPT,3985.028,20.368333,4,0.020368333
8/2/2019 1:00:00 AM,RFC,WEST,AEP,AEPAPT,3812.383,19.150833,4,0.019150833
8/2/2019 2:00:00 AM,RFC,WEST,AEP,AEPAPT,3673.454,18.3225,4,0.0183225
8/2/2019 3:00:00 AM,RFC,WEST,AEP,AEPAPT,3622.718,17.050833,4,0.017050833
8/2/2019 4:00:00 AM,RFC,WEST,AEP,AEPAPT,3620.644,18.009167,4,0.018009167
8/2/2019 5:00:00 AM,RFC,WEST,AEP,AEPAPT,3724.963,19.321667,4,0.019321667
8/2/2019 6:00:00 AM,RFC,WEST,AEP,AEPAPT,3893.91,19.248333,4,0.019248333
8/2/2019 7:00:00 AM,RFC,WEST,AEP,AEPAPT,4082.113,19.473333,4,0.019473333
8/2/2019 8:00:00 AM,RFC,WEST,AEP,AEPAPT,4285.797,21.156667,4,0.021156667
8/2/2019 9:00:00 AM,RFC,WEST,AEP,AEPAPT,4480.695,23.575833,4,0.023575833
8/2/2019 10:00:00 AM,RFC,WEST,AEP,AEPAPT,4789.162,22.106667,5,0.022106667
8/2/2019 11:00:00 AM,RFC,WEST,AEP,AEPAPT,5065.311,23.533333,5,0.023533333
8/2/2019 12:00:00 PM,RFC,WEST,AEP,AEPAPT,5331.773,30.261667,5,0.030261667
8/2/2019 1:00:00 PM,RFC,WEST,AEP,AEPAPT,5535.261,30.695,6,0.030695
8/2/2019 2:00:00 PM,RFC,WEST,AEP,AEPAPT,5670.045,31.865,6,0.031865
8/2/2019 3:00:00 PM,RFC,WEST,AEP,AEPAPT,5667.558,56.674167,6,0.056674167
8/2/2019 4:00:00 PM,RFC,WEST,AEP,AEPAPT,5621.901,79.425833,6,0.079425833
8/2/2019 5:00:00 PM,RFC,WEST,AEP,AEPAPT,5546.676,31.655833,6,0.031655833
8/2/2019 6:00:00 PM,RFC,WEST,AEP,AEPAPT,5437.921,35.211667,5,0.035211667
8/2/2019 7:00:00 PM,RFC,WEST,AEP,AEPAPT,5250.685,27.444167,5,0.027444167
8/2/2019 8:00:00 PM,RFC,WEST,AEP,AEPAPT,5088.634,41.390833,5,0.041390833
8/2/2019 9:00:00 PM,RFC,WEST,AEP,AEPAPT,4946.085,25.214167,5,0.025214167
8/2/2019 10:00:00 PM,RFC,WEST,AEP,AEPAPT,4611.516,22.876667,5,0.022876667
8/2/2019 11:00:00 PM,RFC,WEST,AEP,AEPAPT,4265.305,21.165833,4,0.021165833
8/3/2019 12:00:00 AM,RFC,WEST,AEP,AEPAPT,3958.269,19.5875,4,0.0195875
8/3/2019 1:00:00 AM,RFC,WEST,AEP,AEPAPT,4305.816,19.0925,4,0.0190925
8/3/2019 2:00:00 AM,RFC,WEST,AEP,AEPAPT,3709.666,17.163333,4,0.017163333
8/3/2019 3:00:00 AM,RFC,WEST,AEP,AEPAPT,3703.424,16.064167,4,0.016064167
8/3/2019 4:00:00 AM,RFC,WEST,AEP,AEPAPT,3476.108,15.284167,3,0.015284167
8/3/2019 5:00:00 AM,RFC,WEST,AEP,AEPAPT,3511.215,15.56,4,0.01556
8/3/2019 6:00:00 AM,RFC,WEST,AEP,AEPAPT,3978.495,17.146667,4,0.017146667
8/3/2019 7:00:00 AM,RFC,WEST,AEP,AEPAPT,3599.35,17.74,4,0.01774
8/3/2019 8:00:00 AM,RFC,WEST,AEP,AEPAPT,3807.282,19.4875,4,0.0194875
8/3/2019 9:00:00 AM,RFC,WEST,AEP,AEPAPT,4120.467,26.095833,4,0.026095833
8/3/2019 10:00:00 AM,RFC,WEST,AEP,AEPAPT,4430.546,44.909167,4,0.044909167
8/3/2019 11:00:00 AM,RFC,WEST,AEP,AEPAPT,4758.887,31.465,5,0.031465
8/3/2019 12:00:00 PM,RFC,WEST,AEP,AEPAPT,5039.135,27.01,5,0.02701
8/3/2019 1:00:00 PM,RFC,WEST,AEP,AEPAPT,5261.664,37.705,5,0.037705
8/3/2019 2:00:00 PM,RFC,WEST,AEP,AEPAPT,5385.854,30.64,5,0.03064
8/3/2019 3:00:00 PM,RFC,WEST,AEP,AEPAPT,5535.435,32.7075,6,0.0327075
8/3/2019 4:00:00 PM,RFC,WEST,AEP,AEPAPT,5602.272,101.825,6,0.101825
8/3/2019 5:00:00 PM,RFC,WEST,AEP,AEPAPT,5610.5,43.69,6,0.04369
8/3/2019 6:00:00 PM,RFC,WEST,AEP,AEPAPT,5515.724,36.048333,6,0.036048333
8/3/2019 7:00:00 PM,RFC,WEST,AEP,AEPAPT,5317.912,32.629167,5,0.032629167
8/3/2019 8:00:00 PM,RFC,WEST,AEP,AEPAPT,5077.492,28.284167,5,0.028284167
8/3/2019 9:00:00 PM,RFC,WEST,AEP,AEPAPT,4909.374,26.170833,5,0.026170833
8/3/2019 10:00:00 PM,RFC,WEST,AEP,AEPAPT,4573.534,24.1375,5,0.0241375
8/3/2019 11:00:00 PM,RFC,WEST,AEP,AEPAPT,4202.2,23.0625,4,0.0230625
8/4/2019 12:00:00 AM,RFC,WEST,AEP,AEPAPT,3915.616,20.936667,4,0.020936667
8/4/2019 1:00:00 AM,RFC,WEST,AEP,AEPAPT,3696.149,20.929167,4,0.020929167
8/4/2019 2:00:00 AM,RFC,WEST,AEP,AEPAPT,3533.567,19.086667,4,0.019086667
8/4/2019 3:00:00 AM,RFC,WEST,AEP,AEPAPT,4078.973,18.7675,4,0.0187675
8/4/2019 4:00:00 AM,RFC,WEST,AEP,AEPAPT,3725.863,18.111667,4,0.018111667
8/4/2019 5:00:00 AM,RFC,WEST,AEP,AEPAPT,3912.129,16.8775,4,0.0168775
8/4/2019 6:00:00 AM,RFC,WEST,AEP,AEPAPT,3784.152,15.9175,4,0.0159175
8/4/2019 7:00:00 AM,RFC,WEST,AEP,AEPAPT,3853.798,15.4225,4,0.0154225
8/4/2019 8:00:00 AM,RFC,WEST,AEP,AEPAPT,3774.925,18.446667,4,0.018446667
8/4/2019 9:00:00 AM,RFC,WEST,AEP,AEPAPT,4044.141,20.6,4,0.0206
8/4/2019 10:00:00 AM,RFC,WEST,AEP,AEPAPT,4362.597,22.994167,4,0.022994167
8/4/2019 11:00:00 AM,RFC,WEST,AEP,AEPAPT,4659.644,25.6175,5,0.0256175
8/4/2019 12:00:00 PM,RFC,WEST,AEP,AEPAPT,4923.337,26.101667,5,0.026101667
8/4/2019 1:00:00 PM,RFC,WEST,AEP,AEPAPT,5112.196,26.659167,5,0.026659167
8/4/2019 2:00:00 PM,RFC,WEST,AEP,AEPAPT,5257.703,25.098333,5,0.025098333
8/4/2019 3:00:00 PM,RFC,WEST,AEP,AEPAPT,5436.495,30.644167,5,0.030644167
8/4/2019 4:00:00 PM,RFC,WEST,AEP,AEPAPT,5521.257,44.815,6,0.044815
8/4/2019 5:00:00 PM,RFC,WEST,AEP,AEPAPT,5555.822,88.366667,6,0.088366667
8/4/2019 6:00:00 PM,RFC,WEST,AEP,AEPAPT,5466.8,66.140833,5,0.066140833
8/4/2019 7:00:00 PM,RFC,WEST,AEP,AEPAPT,5272.268,30.228333,5,0.030228333
8/4/2019 8:00:00 PM,RFC,WEST,AEP,AEPAPT,5080.37,28.324167,5,0.028324167
8/4/2019 9:00:00 PM,RFC,WEST,AEP,AEPAPT,4890.275,28.714167,5,0.028714167
8/4/2019 10:00:00 PM,RFC,WEST,AEP,AEPAPT,4554.113,24.085,5,0.024085
8/4/2019 11:00:00 PM,RFC,WEST,AEP,AEPAPT,4212.043,22.965,4,0.022965
8/5/2019 12:00:00 AM,RFC,WEST,AEP,AEPAPT,3929.349,21.923333,4,0.021923333
8/5/2019 1:00:00 AM,RFC,WEST,AEP,AEPAPT,3755.911,19.071667,4,0.019071667
8/5/2019 2:00:00 AM,RFC,WEST,AEP,AEPAPT,3651.43,17.8625,4,0.0178625
8/5/2019 3:00:00 AM,RFC,WEST,AEP,AEPAPT,3616.277,16.78,4,0.01678
8/5/2019 4:00:00 AM,RFC,WEST,AEP,AEPAPT,3618.365,16.701667,4,0.016701667
8/5/2019 5:00:00 AM,RFC,WEST,AEP,AEPAPT,3717.156,17.976667,4,0.017976667
8/5/2019 6:00:00 AM,RFC,WEST,AEP,AEPAPT,3966.529,19.185,4,0.019185
8/5/2019 7:00:00 AM,RFC,WEST,AEP,AEPAPT,4135.349,19.504167,4,0.019504167
8/5/2019 8:00:00 AM,RFC,WEST,AEP,AEPAPT,4330.112,22.134167,4,0.022134167
8/5/2019 9:00:00 AM,RFC,WEST,AEP,AEPAPT,4552.139,23.465,5,0.023465
8/5/2019 10:00:00 AM,RFC,WEST,AEP,AEPAPT,4822.643,24.556667,5,0.024556667
8/5/2019 11:00:00 AM,RFC,WEST,AEP,AEPAPT,5110.794,35.578333,5,0.035578333
8/5/2019 12:00:00 PM,RFC,WEST,AEP,AEPAPT,5367.779,26.901667,5,0.026901667
8/5/2019 1:00:00 PM,RFC,WEST,AEP,AEPAPT,5596.604,43.925,6,0.043925
8/5/2019 2:00:00 PM,RFC,WEST,AEP,AEPAPT,5747.884,31.984167,6,0.031984167
8/5/2019 3:00:00 PM,RFC,WEST,AEP,AEPAPT,5860.86,30.1925,6,0.0301925
8/5/2019 4:00:00 PM,RFC,WEST,AEP,AEPAPT,5922.33,31.656667,6,0.031656667
8/5/2019 5:00:00 PM,RFC,WEST,AEP,AEPAPT,5917.63,33.878333,6,0.033878333
8/5/2019 6:00:00 PM,RFC,WEST,AEP,AEPAPT,5794.272,35.609167,6,0.035609167
8/5/2019 7:00:00 PM,RFC,WEST,AEP,AEPAPT,5596.835,28.928333,6,0.028928333
8/5/2019 8:00:00 PM,RFC,WEST,AEP,AEPAPT,5395.838,26.4925,5,0.0264925
8/5/2019 9:00:00 PM,RFC,WEST,AEP,AEPAPT,5184.134,25.870833,5,0.025870833
8/5/2019 10:00:00 PM,RFC,WEST,AEP,AEPAPT,4768.572,21.8075,5,0.0218075
8/5/2019 11:00:00 PM,RFC,WEST,AEP,AEPAPT,4383.505,20.174167,4,0.020174167
8/6/2019 12:00:00 AM,RFC,WEST,AEP,AEPAPT,4047.265,19.160833,4,0.019160833
8/6/2019 1:00:00 AM,RFC,WEST,AEP,AEPAPT,3781.356,16.619167,4,0.016619167
8/6/2019 2:00:00 AM,RFC,WEST,AEP,AEPAPT,3656.331,14.625833,4,0.014625833
8/6/2019 3:00:00 AM,RFC,WEST,AEP,AEPAPT,3575.608,14.574167,4,0.014574167
8/6/2019 4:00:00 AM,RFC,WEST,AEP,AEPAPT,3602.938,14.971667,4,0.014971667
8/6/2019 5:00:00 AM,RFC,WEST,AEP,AEPAPT,3689.223,16.223333,4,0.016223333
8/6/2019 6:00:00 AM,RFC,WEST,AEP,AEPAPT,3887.018,17.418333,4,0.017418333
8/6/2019 7:00:00 AM,RFC,WEST,AEP,AEPAPT,4079.482,18.2825,4,0.0182825
8/6/2019 8:00:00 AM,RFC,WEST,AEP,AEPAPT,4300.862,20.3,4,0.0203
8/6/2019 9:00:00 AM,RFC,WEST,AEP,AEPAPT,4525.517,22.721667,5,0.022721667
8/6/2019 10:00:00 AM,RFC,WEST,AEP,AEPAPT,4877.607,25.831667,5,0.025831667
8/6/2019 11:00:00 AM,RFC,WEST,AEP,AEPAPT,5232.049,30.450833,5,0.030450833
8/6/2019 12:00:00 PM,RFC,WEST,AEP,AEPAPT,5551.568,26.946667,6,0.026946667
8/6/2019 1:00:00 PM,RFC,WEST,AEP,AEPAPT,5782.817,25.440833,6,0.025440833
8/6/2019 2:00:00 PM,RFC,WEST,AEP,AEPAPT,5901.569,27.06,6,0.02706
8/6/2019 3:00:00 PM,RFC,WEST,AEP,AEPAPT,5954.016,24.685833,6,0.024685833
8/6/2019 4:00:00 PM,RFC,WEST,AEP,AEPAPT,6037.065,26.450833,6,0.026450833
8/6/2019 5:00:00 PM,RFC,WEST,AEP,AEPAPT,6021.845,27.098333,6,0.027098333
8/6/2019 6:00:00 PM,RFC,WEST,AEP,AEPAPT,5888.71,27.316667,6,0.027316667
8/6/2019 7:00:00 PM,RFC,WEST,AEP,AEPAPT,5655.459,22.6825,6,0.0226825
8/6/2019 8:00:00 PM,RFC,WEST,AEP,AEPAPT,5435.837,20.933333,5,0.020933333
8/6/2019 9:00:00 PM,RFC,WEST,AEP,AEPAPT,5242.032,22.18,5,0.02218
8/6/2019 10:00:00 PM,RFC,WEST,AEP,AEPAPT,4838.229,20.816667,5,0.020816667
8/6/2019 11:00:00 PM,RFC,WEST,AEP,AEPAPT,4427.211,19.473333,4,0.019473333
8/7/2019 12:00:00 AM,RFC,WEST,AEP,AEPAPT,4151.883,17.998333,4,0.017998333
8/7/2019 1:00:00 AM,RFC,WEST,AEP,AEPAPT,3913.702,17.621667,4,0.017621667
8/7/2019 2:00:00 AM,RFC,WEST,AEP,AEPAPT,3767.203,15.5475,4,0.0155475
8/7/2019 3:00:00 AM,RFC,WEST,AEP,AEPAPT,3696.041,14.610833,4,0.014610833
8/7/2019 4:00:00 AM,RFC,WEST,AEP,AEPAPT,3685.298,14.588333,4,0.014588333
8/7/2019 5:00:00 AM,RFC,WEST,AEP,AEPAPT,3813.973,16.6975,4,0.0166975
8/7/2019 6:00:00 AM,RFC,WEST,AEP,AEPAPT,4010.365,19.210833,4,0.019210833
8/7/2019 7:00:00 AM,RFC,WEST,AEP,AEPAPT,4165.127,19.553333,4,0.019553333
8/7/2019 8:00:00 AM,RFC,WEST,AEP,AEPAPT,4357.979,19.8875,4,0.0198875
8/7/2019 9:00:00 AM,RFC,WEST,AEP,AEPAPT,4559.81,24.080833,5,0.024080833
8/7/2019 10:00:00 AM,RFC,WEST,AEP,AEPAPT,4764.778,24.75,5,0.02475
8/7/2019 11:00:00 AM,RFC,WEST,AEP,AEPAPT,4923.491,26.611667,5,0.026611667
8/7/2019 12:00:00 PM,RFC,WEST,AEP,AEPAPT,5107.177,31.6925,5,0.0316925
8/7/2019 1:00:00 PM,RFC,WEST,AEP,AEPAPT,5285.943,28.354167,5,0.028354167
8/7/2019 2:00:00 PM,RFC,WEST,AEP,AEPAPT,5376.646,28.558333,5,0.028558333
8/7/2019 3:00:00 PM,RFC,WEST,AEP,AEPAPT,5468.437,25.934167,5,0.025934167
8/7/2019 4:00:00 PM,RFC,WEST,AEP,AEPAPT,5635.995,26.196667,6,0.026196667
8/7/2019 5:00:00 PM,RFC,WEST,AEP,AEPAPT,5737.281,26.1625,6,0.0261625
8/7/2019 6:00:00 PM,RFC,WEST,AEP,AEPAPT,5687.247,22.565,6,0.022565
8/7/2019 7:00:00 PM,RFC,WEST,AEP,AEPAPT,5517.294,22.3275,6,0.0223275
8/7/2019 8:00:00 PM,RFC,WEST,AEP,AEPAPT,5301.802,21.700833,5,0.021700833
8/7/2019 9:00:00 PM,RFC,WEST,AEP,AEPAPT,5117.087,21.905,5,0.021905
8/7/2019 10:00:00 PM,RFC,WEST,AEP,AEPAPT,4725.761,21.018333,5,0.021018333
8/7/2019 11:00:00 PM,RFC,WEST,AEP,AEPAPT,4335.729,19.239167,4,0.019239167
8/8/2019 12:00:00 AM,RFC,WEST,AEP,AEPAPT,4009.089,16.114167,4,0.016114167
8/8/2019 1:00:00 AM,RFC,WEST,AEP,AEPAPT,3818.681,15.7525,4,0.0157525
8/8/2019 2:00:00 AM,RFC,WEST,AEP,AEPAPT,3672.984,14.535,4,0.014535
8/8/2019 3:00:00 AM,RFC,WEST,AEP,AEPAPT,3563.876,13.454167,4,0.013454167
8/8/2019 4:00:00 AM,RFC,WEST,AEP,AEPAPT,3580.735,13.261667,4,0.013261667
8/8/2019 5:00:00 AM,RFC,WEST,AEP,AEPAPT,3670.609,14.39,4,0.01439
8/8/2019 6:00:00 AM,RFC,WEST,AEP,AEPAPT,3890.166,18.055833,4,0.018055833
8/8/2019 7:00:00 AM,RFC,WEST,AEP,AEPAPT,4051.273,19.048333,4,0.019048333
8/8/2019 8:00:00 AM,RFC,WEST,AEP,AEPAPT,4296.111,20.593333,4,0.020593333
8/8/2019 9:00:00 AM,RFC,WEST,AEP,AEPAPT,4565.04,22.961667,5,0.022961667
8/8/2019 10:00:00 AM,RFC,WEST,AEP,AEPAPT,4857.377,23.803333,5,0.023803333
8/8/2019 11:00:00 AM,RFC,WEST,AEP,AEPAPT,5155.913,26.545,5,0.026545
8/8/2019 12:00:00 PM,RFC,WEST,AEP,AEPAPT,5418.572,26.763333,5,0.026763333
8/8/2019 1:00:00 PM,RFC,WEST,AEP,AEPAPT,5641.577,26.833333,6,0.026833333
8/8/2019 2:00:00 PM,RFC,WEST,AEP,AEPAPT,5798.201,26.300833,6,0.026300833
8/8/2019 3:00:00 PM,RFC,WEST,AEP,AEPAPT,5917.235,27.609167,6,0.027609167
8/8/2019 4:00:00 PM,RFC,WEST,AEP,AEPAPT,6008.403,39.93,6,0.03993
8/8/2019 5:00:00 PM,RFC,WEST,AEP,AEPAPT,6009.221,28.249167,6,0.028249167
8/8/2019 6:00:00 PM,RFC,WEST,AEP,AEPAPT,5893.489,27.596667,6,0.027596667
8/8/2019 7:00:00 PM,RFC,WEST,AEP,AEPAPT,5650.414,25.833333,6,0.025833333
8/8/2019 8:00:00 PM,RFC,WEST,AEP,AEPAPT,5442.803,23.901667,5,0.023901667
8/8/2019 9:00:00 PM,RFC,WEST,AEP,AEPAPT,5226.272,22.388333,5,0.022388333
8/8/2019 10:00:00 PM,RFC,WEST,AEP,AEPAPT,4821.472,20.72,5,0.02072
8/8/2019 11:00:00 PM,RFC,WEST,AEP,AEPAPT,4412.658,19.18,4,0.01918
8/9/2019 12:00:00 AM,RFC,WEST,AEP,AEPAPT,4071.336,17.3525,4,0.0173525
8/9/2019 1:00:00 AM,RFC,WEST,AEP,AEPAPT,3803.606,16.230833,4,0.016230833
8/9/2019 2:00:00 AM,RFC,WEST,AEP,AEPAPT,3685.533,15.071667,4,0.015071667
8/9/2019 3:00:00 AM,RFC,WEST,AEP,AEPAPT,3643.458,14.396667,4,0.014396667
8/9/2019 4:00:00 AM,RFC,WEST,AEP,AEPAPT,3603.268,14.359167,4,0.014359167
8/9/2019 5:00:00 AM,RFC,WEST,AEP,AEPAPT,3712.655,15.445833,4,0.015445833
8/9/2019 6:00:00 AM,RFC,WEST,AEP,AEPAPT,3953.177,18.095,4,0.018095
8/9/2019 7:00:00 AM,RFC,WEST,AEP,AEPAPT,4118.811,18.171667,4,0.018171667
8/9/2019 8:00:00 AM,RFC,WEST,AEP,AEPAPT,4365.324,19.74,4,0.01974
8/9/2019 9:00:00 AM,RFC,WEST,AEP,AEPAPT,4642.909,22.350833,5,0.022350833
8/9/2019 10:00:00 AM,RFC,WEST,AEP,AEPAPT,4947.326,26.454167,5,0.026454167
8/9/2019 11:00:00 AM,RFC,WEST,AEP,AEPAPT,5211.832,23.554167,5,0.023554167
8/9/2019 12:00:00 PM,RFC,WEST,AEP,AEPAPT,5425.218,23.505,5,0.023505
8/9/2019 1:00:00 PM,RFC,WEST,AEP,AEPAPT,5623.356,25.625,6,0.025625
8/9/2019 2:00:00 PM,RFC,WEST,AEP,AEPAPT,5777.213,31.855,6,0.031855
8/9/2019 3:00:00 PM,RFC,WEST,AEP,AEPAPT,5761.367,61.789167,6,0.061789167
8/9/2019 4:00:00 PM,RFC,WEST,AEP,AEPAPT,5738.195,36.414167,6,0.036414167
8/9/2019 5:00:00 PM,RFC,WEST,AEP,AEPAPT,5676.677,31.043333,6,0.031043333
8/9/2019 6:00:00 PM,RFC,WEST,AEP,AEPAPT,5586.766,28.4125,6,0.0284125
8/9/2019 7:00:00 PM,RFC,WEST,AEP,AEPAPT,5341.81,23.020833,5,0.023020833
8/9/2019 8:00:00 PM,RFC,WEST,AEP,AEPAPT,5075.663,22.238333,5,0.022238333
8/9/2019 9:00:00 PM,RFC,WEST,AEP,AEPAPT,4918.294,20.985,5,0.020985
8/9/2019 10:00:00 PM,RFC,WEST,AEP,AEPAPT,4587.521,18.989167,5,0.018989167
8/9/2019 11:00:00 PM,RFC,WEST,AEP,AEPAPT,4191.851,17.87,4,0.01787
8/10/2019 12:00:00 AM,RFC,WEST,AEP,AEPAPT,3859.889,17.045833,4,0.017045833
8/10/2019 1:00:00 AM,RFC,WEST,AEP,AEPAPT,3646.57,17.57,4,0.01757
8/10/2019 2:00:00 AM,RFC,WEST,AEP,AEPAPT,3518.801,16.173333,4,0.016173333
8/10/2019 3:00:00 AM,RFC,WEST,AEP,AEPAPT,3427.2,13.695,3,0.013695
8/10/2019 4:00:00 AM,RFC,WEST,AEP,AEPAPT,3376.671,13.161667,3,0.013161667
8/10/2019 5:00:00 AM,RFC,WEST,AEP,AEPAPT,3424.484,13.358333,3,0.013358333
8/10/2019 6:00:00 AM,RFC,WEST,AEP,AEPAPT,3453.449,13.130833,3,0.013130833
8/10/2019 7:00:00 AM,RFC,WEST,AEP,AEPAPT,3527.465,13.6025,4,0.0136025
8/10/2019 8:00:00 AM,RFC,WEST,AEP,AEPAPT,3791.477,15.423333,4,0.015423333
8/10/2019 9:00:00 AM,RFC,WEST,AEP,AEPAPT,4076.96,17.450833,4,0.017450833
8/10/2019 10:00:00 AM,RFC,WEST,AEP,AEPAPT,4345.823,19.169167,4,0.019169167
8/10/2019 11:00:00 AM,RFC,WEST,AEP,AEPAPT,4670.125,19.965,5,0.019965
8/10/2019 12:00:00 PM,RFC,WEST,AEP,AEPAPT,4903.549,20.685,5,0.020685
8/10/2019 1:00:00 PM,RFC,WEST,AEP,AEPAPT,5102.994,22.048333,5,0.022048333
8/10/2019 2:00:00 PM,RFC,WEST,AEP,AEPAPT,5213.818,21.939167,5,0.021939167
8/10/2019 3:00:00 PM,RFC,WEST,AEP,AEPAPT,5330.898,23.305833,5,0.023305833
8/10/2019 4:00:00 PM,RFC,WEST,AEP,AEPAPT,5403.404,26.826667,5,0.026826667
8/10/2019 5:00:00 PM,RFC,WEST,AEP,AEPAPT,5407.862,108.268333,5,0.108268333
8/10/2019 6:00:00 PM,RFC,WEST,AEP,AEPAPT,5325.23,39.308333,5,0.039308333
8/10/2019 7:00:00 PM,RFC,WEST,AEP,AEPAPT,5104.751,21.22,5,0.02122
8/10/2019 8:00:00 PM,RFC,WEST,AEP,AEPAPT,4872.631,20.361667,5,0.020361667
8/10/2019 9:00:00 PM,RFC,WEST,AEP,AEPAPT,4677.933,19.821667,5,0.019821667
8/10/2019 10:00:00 PM,RFC,WEST,AEP,AEPAPT,4315.36,18.609167,4,0.018609167
8/10/2019 11:00:00 PM,RFC,WEST,AEP,AEPAPT,3973.627,17.1575,4,0.0171575
8/11/2019 12:00:00 AM,RFC,WEST,AEP,AEPAPT,3659.889,15.343333,4,0.015343333
8/11/2019 1:00:00 AM,RFC,WEST,AEP,AEPAPT,3470.504,14.78,3,0.01478
8/11/2019 2:00:00 AM,RFC,WEST,AEP,AEPAPT,3320.258,13.6225,3,0.0136225
8/11/2019 3:00:00 AM,RFC,WEST,AEP,AEPAPT,3244.087,13.735833,3,0.013735833
8/11/2019 4:00:00 AM,RFC,WEST,AEP,AEPAPT,3200.549,13.103333,3,0.013103333
8/11/2019 5:00:00 AM,RFC,WEST,AEP,AEPAPT,3201.014,12.055,3,0.012055
8/11/2019 6:00:00 AM,RFC,WEST,AEP,AEPAPT,3192.474,11.645833,3,0.011645833
8/11/2019 7:00:00 AM,RFC,WEST,AEP,AEPAPT,3282.23,10.729167,3,0.010729167
8/11/2019 8:00:00 AM,RFC,WEST,AEP,AEPAPT,3541.757,12.8075,4,0.0128075
8/11/2019 9:00:00 AM,RFC,WEST,AEP,AEPAPT,3792.559,14.4675,4,0.0144675
8/11/2019 10:00:00 AM,RFC,WEST,AEP,AEPAPT,4014.504,17.715833,4,0.017715833
8/11/2019 11:00:00 AM,RFC,WEST,AEP,AEPAPT,4259.855,19.910833,4,0.019910833
8/11/2019 12:00:00 PM,RFC,WEST,AEP,AEPAPT,4553.014,20.000833,5,0.020000833
8/11/2019 1:00:00 PM,RFC,WEST,AEP,AEPAPT,4815.109,21.408333,5,0.021408333
8/11/2019 2:00:00 PM,RFC,WEST,AEP,AEPAPT,5026.381,22.604167,5,0.022604167
8/11/2019 3:00:00 PM,RFC,WEST,AEP,AEPAPT,5200.016,23.430833,5,0.023430833
8/11/2019 4:00:00 PM,RFC,WEST,AEP,AEPAPT,5362.634,25.298333,5,0.025298333
8/11/2019 5:00:00 PM,RFC,WEST,AEP,AEPAPT,5408.066,32.7375,5,0.0327375
8/11/2019 6:00:00 PM,RFC,WEST,AEP,AEPAPT,5346.653,25.530833,5,0.025530833
8/11/2019 7:00:00 PM,RFC,WEST,AEP,AEPAPT,5132.265,26.273333,5,0.026273333
8/11/2019 8:00:00 PM,RFC,WEST,AEP,AEPAPT,4933.638,24.865,5,0.024865
8/11/2019 9:00:00 PM,RFC,WEST,AEP,AEPAPT,4722.749,21.2675,5,0.0212675
8/11/2019 10:00:00 PM,RFC,WEST,AEP,AEPAPT,4325.152,19.229167,4,0.019229167
8/11/2019 11:00:00 PM,RFC,WEST,AEP,AEPAPT,3984.352,18.426667,4,0.018426667
8/12/2019 12:00:00 AM,RFC,WEST,AEP,AEPAPT,3707.299,17.3525,4,0.0173525
8/12/2019 1:00:00 AM,RFC,WEST,AEP,AEPAPT,3541.065,15.214167,4,0.015214167
8/12/2019 2:00:00 AM,RFC,WEST,AEP,AEPAPT,3443.95,14.820833,3,0.014820833
8/12/2019 3:00:00 AM,RFC,WEST,AEP,AEPAPT,3393.444,13.9225,3,0.0139225
8/12/2019 4:00:00 AM,RFC,WEST,AEP,AEPAPT,3423.938,13.864167,3,0.013864167
8/12/2019 5:00:00 AM,RFC,WEST,AEP,AEPAPT,3519.7,14.3075,4,0.0143075
8/12/2019 6:00:00 AM,RFC,WEST,AEP,AEPAPT,3780.505,17.031667,4,0.017031667
8/12/2019 7:00:00 AM,RFC,WEST,AEP,AEPAPT,3947.023,16.9825,4,0.0169825
8/12/2019 8:00:00 AM,RFC,WEST,AEP,AEPAPT,4203.705,19.295,4,0.019295
8/12/2019 9:00:00 AM,RFC,WEST,AEP,AEPAPT,4436.563,21.015833,4,0.021015833
8/12/2019 10:00:00 AM,RFC,WEST,AEP,AEPAPT,4768.75,23.0525,5,0.0230525
8/12/2019 11:00:00 AM,RFC,WEST,AEP,AEPAPT,5122.434,22.041667,5,0.022041667
8/12/2019 12:00:00 PM,RFC,WEST,AEP,AEPAPT,5458.286,23.626667,5,0.023626667
8/12/2019 1:00:00 PM,RFC,WEST,AEP,AEPAPT,5771.731,25.940833,6,0.025940833
8/12/2019 2:00:00 PM,RFC,WEST,AEP,AEPAPT,5958.241,29.879167,6,0.029879167
8/12/2019 3:00:00 PM,RFC,WEST,AEP,AEPAPT,6066.773,31.086667,6,0.031086667
8/12/2019 4:00:00 PM,RFC,WEST,AEP,AEPAPT,6133.43,33.04,6,0.03304
8/12/2019 5:00:00 PM,RFC,WEST,AEP,AEPAPT,6080.685,37.104167,6,0.037104167
8/12/2019 6:00:00 PM,RFC,WEST,AEP,AEPAPT,5966.048,38.410833,6,0.038410833
8/12/2019 7:00:00 PM,RFC,WEST,AEP,AEPAPT,5781.891,27.173333,6,0.027173333
8/12/2019 8:00:00 PM,RFC,WEST,AEP,AEPAPT,5662.566,36.218333,6,0.036218333
8/12/2019 9:00:00 PM,RFC,WEST,AEP,AEPAPT,5447.426,24.535,5,0.024535
8/12/2019 10:00:00 PM,RFC,WEST,AEP,AEPAPT,5046.769,22.923333,5,0.022923333
8/12/2019 11:00:00 PM,RFC,WEST,AEP,AEPAPT,4637.971,20.980833,5,0.020980833
8/13/2019 12:00:00 AM,RFC,WEST,AEP,AEPAPT,4303.705,21.06,4,0.02106
8/13/2019 1:00:00 AM,RFC,WEST,AEP,AEPAPT,4092.748,21.395833,4,0.021395833
8/13/2019 2:00:00 AM,RFC,WEST,AEP,AEPAPT,3982.582,19.813333,4,0.019813333
8/13/2019 3:00:00 AM,RFC,WEST,AEP,AEPAPT,3931.159,19.168333,4,0.019168333
8/13/2019 4:00:00 AM,RFC,WEST,AEP,AEPAPT,3878.361,19.39,4,0.01939
8/13/2019 5:00:00 AM,RFC,WEST,AEP,AEPAPT,4040.514,22.1775,4,0.0221775
8/13/2019 6:00:00 AM,RFC,WEST,AEP,AEPAPT,4321.467,25.4225,4,0.0254225
8/13/2019 7:00:00 AM,RFC,WEST,AEP,AEPAPT,4538.176,20.070833,5,0.020070833
8/13/2019 8:00:00 AM,RFC,WEST,AEP,AEPAPT,4649.117,22.6675,5,0.0226675
8/13/2019 9:00:00 AM,RFC,WEST,AEP,AEPAPT,4846.04,23.663333,5,0.023663333
8/13/2019 10:00:00 AM,RFC,WEST,AEP,AEPAPT,5063.195,23.721667,5,0.023721667
8/13/2019 11:00:00 AM,RFC,WEST,AEP,AEPAPT,5291.834,23.461667,5,0.023461667
8/13/2019 12:00:00 PM,RFC,WEST,AEP,AEPAPT,5529.36,25.505,6,0.025505
8/13/2019 1:00:00 PM,RFC,WEST,AEP,AEPAPT,5701.166,27.400833,6,0.027400833
8/13/2019 2:00:00 PM,RFC,WEST,AEP,AEPAPT,5796.707,30.245833,6,0.030245833
8/13/2019 3:00:00 PM,RFC,WEST,AEP,AEPAPT,5770.381,37.4025,6,0.0374025
8/13/2019 4:00:00 PM,RFC,WEST,AEP,AEPAPT,5791.81,48.349167,6,0.048349167
8/13/2019 5:00:00 PM,RFC,WEST,AEP,AEPAPT,5802.275,44.575833,6,0.044575833
8/13/2019 6:00:00 PM,RFC,WEST,AEP,AEPAPT,5703.838,34.455833,6,0.034455833
8/13/2019 7:00:00 PM,RFC,WEST,AEP,AEPAPT,5589.61,26.353333,6,0.026353333
8/13/2019 8:00:00 PM,RFC,WEST,AEP,AEPAPT,5488.493,31.205833,5,0.031205833
8/13/2019 9:00:00 PM,RFC,WEST,AEP,AEPAPT,5282.773,25.476667,5,0.025476667
8/13/2019 10:00:00 PM,RFC,WEST,AEP,AEPAPT,4902.455,22.63,5,0.02263
8/13/2019 11:00:00 PM,RFC,WEST,AEP,AEPAPT,4514.412,20.94,5,0.02094
8/14/2019 12:00:00 AM,RFC,WEST,AEP,AEPAPT,4204.434,20.9475,4,0.0209475
8/14/2019 1:00:00 AM,RFC,WEST,AEP,AEPAPT,4011.135,18.2375,4,0.0182375
8/14/2019 2:00:00 AM,RFC,WEST,AEP,AEPAPT,3883.097,17.660833,4,0.017660833
8/14/2019 3:00:00 AM,RFC,WEST,AEP,AEPAPT,3797.32,17.3325,4,0.0173325
8/14/2019 4:00:00 AM,RFC,WEST,AEP,AEPAPT,3823.354,17.620833,4,0.017620833
8/14/2019 5:00:00 AM,RFC,WEST,AEP,AEPAPT,3965.458,18.97,4,0.01897
8/14/2019 6:00:00 AM,RFC,WEST,AEP,AEPAPT,4235.823,28.421667,4,0.028421667
8/14/2019 7:00:00 AM,RFC,WEST,AEP,AEPAPT,4409.171,21.155833,4,0.021155833
8/14/2019 8:00:00 AM,RFC,WEST,AEP,AEPAPT,4599.576,22.796667,5,0.022796667
8/14/2019 9:00:00 AM,RFC,WEST,AEP,AEPAPT,4799.119,23.8775,5,0.0238775
8/14/2019 10:00:00 AM,RFC,WEST,AEP,AEPAPT,5074.364,26.835833,5,0.026835833
8/14/2019 11:00:00 AM,RFC,WEST,AEP,AEPAPT,5357.115,26.653333,5,0.026653333
8/14/2019 12:00:00 PM,RFC,WEST,AEP,AEPAPT,5677.976,27.9975,6,0.0279975
8/14/2019 1:00:00 PM,RFC,WEST,AEP,AEPAPT,5945.107,53.984167,6,0.053984167
8/14/2019 2:00:00 PM,RFC,WEST,AEP,AEPAPT,6090.763,29.718333,6,0.029718333
8/14/2019 3:00:00 PM,RFC,WEST,AEP,AEPAPT,6141.107,25.901667,6,0.025901667
8/14/2019 4:00:00 PM,RFC,WEST,AEP,AEPAPT,6160.073,49.2525,6,0.0492525
8/14/2019 5:00:00 PM,RFC,WEST,AEP,AEPAPT,6159.375,68.605,6,0.068605
8/14/2019 6:00:00 PM,RFC,WEST,AEP,AEPAPT,6044.994,35.806667,6,0.035806667
8/14/2019 7:00:00 PM,RFC,WEST,AEP,AEPAPT,5813.111,44.054167,6,0.044054167
8/14/2019 8:00:00 PM,RFC,WEST,AEP,AEPAPT,5625.859,37.528333,6,0.037528333
8/14/2019 9:00:00 PM,RFC,WEST,AEP,AEPAPT,5390.122,24.871667,5,0.024871667
8/14/2019 10:00:00 PM,RFC,WEST,AEP,AEPAPT,4927.932,20.845833,5,0.020845833
8/14/2019 11:00:00 PM,RFC,WEST,AEP,AEPAPT,4527.873,20.59,5,0.02059
8/15/2019 12:00:00 AM,RFC,WEST,AEP,AEPAPT,4174.584,19.265833,4,0.019265833
8/15/2019 1:00:00 AM,RFC,WEST,AEP,AEPAPT,3930.075,18.206667,4,0.018206667
8/15/2019 2:00:00 AM,RFC,WEST,AEP,AEPAPT,3790.627,16.106667,4,0.016106667
8/15/2019 3:00:00 AM,RFC,WEST,AEP,AEPAPT,3709.73,14.809167,4,0.014809167
8/15/2019 4:00:00 AM,RFC,WEST,AEP,AEPAPT,3722.989,15.1825,4,0.0151825
8/15/2019 5:00:00 AM,RFC,WEST,AEP,AEPAPT,3834.694,17.389167,4,0.017389167
8/15/2019 6:00:00 AM,RFC,WEST,AEP,AEPAPT,4106.801,19.908333,4,0.019908333
8/15/2019 7:00:00 AM,RFC,WEST,AEP,AEPAPT,4255.699,19.7,4,0.0197
8/15/2019 8:00:00 AM,RFC,WEST,AEP,AEPAPT,4381.324,20.283333,4,0.020283333
8/15/2019 9:00:00 AM,RFC,WEST,AEP,AEPAPT,4718.519,21.633333,5,0.021633333
8/15/2019 10:00:00 AM,RFC,WEST,AEP,AEPAPT,5045.716,32.293333,5,0.032293333
8/15/2019 11:00:00 AM,RFC,WEST,AEP,AEPAPT,5587.308,30.2275,6,0.0302275
8/15/2019 12:00:00 PM,RFC,WEST,AEP,AEPAPT,6105.516,42.0525,6,0.0420525
8/15/2019 1:00:00 PM,RFC,WEST,AEP,AEPAPT,5900.034,31.904167,6,0.031904167
8/15/2019 2:00:00 PM,RFC,WEST,AEP,AEPAPT,6066.441,36.069167,6,0.036069167
8/15/2019 3:00:00 PM,RFC,WEST,AEP,AEPAPT,6134.535,39.544167,6,0.039544167
8/15/2019 4:00:00 PM,RFC,WEST,AEP,AEPAPT,6176.473,35.4225,6,0.0354225
8/15/2019 5:00:00 PM,RFC,WEST,AEP,AEPAPT,6147.906,42.185,6,0.042185
8/15/2019 6:00:00 PM,RFC,WEST,AEP,AEPAPT,5977.393,39.216667,6,0.039216667
8/15/2019 7:00:00 PM,RFC,WEST,AEP,AEPAPT,5743.365,34.014167,6,0.034014167
8/15/2019 8:00:00 PM,RFC,WEST,AEP,AEPAPT,5550.404,26.2525,6,0.0262525
8/15/2019 9:00:00 PM,RFC,WEST,AEP,AEPAPT,5274.629,23.648333,5,0.023648333
8/15/2019 10:00:00 PM,RFC,WEST,AEP,AEPAPT,4856.098,19.803333,5,0.019803333
8/15/2019 11:00:00 PM,RFC,WEST,AEP,AEPAPT,4459.876,19.244167,4,0.019244167
8/16/2019 12:00:00 AM,RFC,WEST,AEP,AEPAPT,4112.974,18.49,4,0.01849
8/16/2019 1:00:00 AM,RFC,WEST,AEP,AEPAPT,3885.947,17.240833,4,0.017240833
8/16/2019 2:00:00 AM,RFC,WEST,AEP,AEPAPT,3769.182,15.134167,4,0.015134167
8/16/2019 3:00:00 AM,RFC,WEST,AEP,AEPAPT,3657.157,14.435,4,0.014435
8/16/2019 4:00:00 AM,RFC,WEST,AEP,AEPAPT,3627.267,14.575,4,0.014575
8/16/2019 5:00:00 AM,RFC,WEST,AEP,AEPAPT,3762.976,15.720833,4,0.015720833
8/16/2019 6:00:00 AM,RFC,WEST,AEP,AEPAPT,4053.164,18.9775,4,0.0189775
8/16/2019 7:00:00 AM,RFC,WEST,AEP,AEPAPT,4184.023,19.3475,4,0.0193475
8/16/2019 8:00:00 AM,RFC,WEST,AEP,AEPAPT,4390.824,20.503333,4,0.020503333
8/16/2019 9:00:00 AM,RFC,WEST,AEP,AEPAPT,4611.418,21.799167,5,0.021799167
8/16/2019 10:00:00 AM,RFC,WEST,AEP,AEPAPT,4879.385,25.576667,5,0.025576667
8/16/2019 11:00:00 AM,RFC,WEST,AEP,AEPAPT,5192.731,30.08,5,0.03008
8/16/2019 12:00:00 PM,RFC,WEST,AEP,AEPAPT,5416.392,24.138333,5,0.024138333
8/16/2019 1:00:00 PM,RFC,WEST,AEP,AEPAPT,5664.118,31.9775,6,0.0319775
8/16/2019 2:00:00 PM,RFC,WEST,AEP,AEPAPT,5853.158,34.315833,6,0.034315833
8/16/2019 3:00:00 PM,RFC,WEST,AEP,AEPAPT,5936.456,46.816667,6,0.046816667
8/16/2019 4:00:00 PM,RFC,WEST,AEP,AEPAPT,5985.56,54.755833,6,0.054755833
8/16/2019 5:00:00 PM,RFC,WEST,AEP,AEPAPT,5964.3,45.645833,6,0.045645833
8/16/2019 6:00:00 PM,RFC,WEST,AEP,AEPAPT,5818.857,35.989167,6,0.035989167
8/16/2019 7:00:00 PM,RFC,WEST,AEP,AEPAPT,5571.565,36.113333,6,0.036113333
8/16/2019 8:00:00 PM,RFC,WEST,AEP,AEPAPT,5384.35,29.175833,5,0.029175833
8/16/2019 9:00:00 PM,RFC,WEST,AEP,AEPAPT,5123.961,23.05,5,0.02305
8/16/2019 10:00:00 PM,RFC,WEST,AEP,AEPAPT,4751.725,20.908333,5,0.020908333
8/16/2019 11:00:00 PM,RFC,WEST,AEP,AEPAPT,4367.558,18.055,4,0.018055
8/17/2019 12:00:00 AM,RFC,WEST,AEP,AEPAPT,4041.26,18.095833,4,0.018095833
8/17/2019 1:00:00 AM,RFC,WEST,AEP,AEPAPT,3819.088,15.95,4,0.01595
8/17/2019 2:00:00 AM,RFC,WEST,AEP,AEPAPT,3668.069,15.066667,4,0.015066667
8/17/2019 3:00:00 AM,RFC,WEST,AEP,AEPAPT,3585.74,14.1925,4,0.0141925
8/17/2019 4:00:00 AM,RFC,WEST,AEP,AEPAPT,3542.866,14.430833,4,0.014430833
8/17/2019 5:00:00 AM,RFC,WEST,AEP,AEPAPT,3543.592,14.6575,4,0.0146575
8/17/2019 6:00:00 AM,RFC,WEST,AEP,AEPAPT,3593.132,14.7075,4,0.0147075
8/17/2019 7:00:00 AM,RFC,WEST,AEP,AEPAPT,3689.467,14.728333,4,0.014728333
8/17/2019 8:00:00 AM,RFC,WEST,AEP,AEPAPT,3966.672,18.255833,4,0.018255833
8/17/2019 9:00:00 AM,RFC,WEST,AEP,AEPAPT,4301.372,19.731667,4,0.019731667
8/17/2019 10:00:00 AM,RFC,WEST,AEP,AEPAPT,4700.125,22.341667,5,0.022341667
8/17/2019 11:00:00 AM,RFC,WEST,AEP,AEPAPT,5069.395,23.359167,5,0.023359167
8/17/2019 12:00:00 PM,RFC,WEST,AEP,AEPAPT,5369.651,24.47,5,0.02447
8/17/2019 1:00:00 PM,RFC,WEST,AEP,AEPAPT,5589.875,25.519167,6,0.025519167
8/17/2019 2:00:00 PM,RFC,WEST,AEP,AEPAPT,5712.219,25.105833,6,0.025105833
8/17/2019 3:00:00 PM,RFC,WEST,AEP,AEPAPT,5785.554,26.294167,6,0.026294167
8/17/2019 4:00:00 PM,RFC,WEST,AEP,AEPAPT,5857.776,27.151667,6,0.027151667
8/17/2019 5:00:00 PM,RFC,WEST,AEP,AEPAPT,5838.274,31.306667,6,0.031306667
8/17/2019 6:00:00 PM,RFC,WEST,AEP,AEPAPT,5696.685,26.091667,6,0.026091667
8/17/2019 7:00:00 PM,RFC,WEST,AEP,AEPAPT,5463.803,24.1175,5,0.0241175
8/17/2019 8:00:00 PM,RFC,WEST,AEP,AEPAPT,5297.739,24.819167,5,0.024819167
8/17/2019 9:00:00 PM,RFC,WEST,AEP,AEPAPT,5040.249,21.824167,5,0.021824167
8/17/2019 10:00:00 PM,RFC,WEST,AEP,AEPAPT,4671.512,19.2725,5,0.0192725
8/17/2019 11:00:00 PM,RFC,WEST,AEP,AEPAPT,4322.912,18.265,4,0.018265
8/18/2019 12:00:00 AM,RFC,WEST,AEP,AEPAPT,4019.893,17.238333,4,0.017238333
8/18/2019 1:00:00 AM,RFC,WEST,AEP,AEPAPT,3789.682,16.32,4,0.01632
8/18/2019 2:00:00 AM,RFC,WEST,AEP,AEPAPT,3642.402,14.289167,4,0.014289167
8/18/2019 3:00:00 AM,RFC,WEST,AEP,AEPAPT,3521.741,13.865833,4,0.013865833
8/18/2019 4:00:00 AM,RFC,WEST,AEP,AEPAPT,3465.162,13.190833,3,0.013190833
8/18/2019 5:00:00 AM,RFC,WEST,AEP,AEPAPT,3460.481,12.460833,3,0.012460833
8/18/2019 6:00:00 AM,RFC,WEST,AEP,AEPAPT,3451.316,12.143333,3,0.012143333
8/18/2019 7:00:00 AM,RFC,WEST,AEP,AEPAPT,3551.35,11.734167,4,0.011734167
8/18/2019 8:00:00 AM,RFC,WEST,AEP,AEPAPT,3853.542,11.6825,4,0.0116825
8/18/2019 9:00:00 AM,RFC,WEST,AEP,AEPAPT,4214.242,15.541667,4,0.015541667
8/18/2019 10:00:00 AM,RFC,WEST,AEP,AEPAPT,4578.554,22,5,0.022
8/18/2019 11:00:00 AM,RFC,WEST,AEP,AEPAPT,5007.606,24.5225,5,0.0245225
8/18/2019 12:00:00 PM,RFC,WEST,AEP,AEPAPT,5389.247,26.861667,5,0.026861667
8/18/2019 1:00:00 PM,RFC,WEST,AEP,AEPAPT,5672.834,28.144167,6,0.028144167
8/18/2019 2:00:00 PM,RFC,WEST,AEP,AEPAPT,5818.406,28.565,6,0.028565
8/18/2019 3:00:00 PM,RFC,WEST,AEP,AEPAPT,5938.811,32.248333,6,0.032248333
8/18/2019 4:00:00 PM,RFC,WEST,AEP,AEPAPT,6037.751,60.283333,6,0.060283333
8/18/2019 5:00:00 PM,RFC,WEST,AEP,AEPAPT,6032.505,24.418333,6,0.024418333
8/18/2019 6:00:00 PM,RFC,WEST,AEP,AEPAPT,5905.308,24.335,6,0.024335
8/18/2019 7:00:00 PM,RFC,WEST,AEP,AEPAPT,5711.717,25.27,6,0.02527
8/18/2019 8:00:00 PM,RFC,WEST,AEP,AEPAPT,5401.305,24.513333,5,0.024513333
8/18/2019 9:00:00 PM,RFC,WEST,AEP,AEPAPT,5287.901,23.36,5,0.02336
8/18/2019 10:00:00 PM,RFC,WEST,AEP,AEPAPT,4856.191,20.176667,5,0.020176667
8/18/2019 11:00:00 PM,RFC,WEST,AEP,AEPAPT,4493.235,19.195,4,0.019195
8/19/2019 12:00:00 AM,RFC,WEST,AEP,AEPAPT,4193.9,18.698333,4,0.018698333
8/19/2019 1:00:00 AM,RFC,WEST,AEP,AEPAPT,3978.806,16.120833,4,0.016120833
8/19/2019 2:00:00 AM,RFC,WEST,AEP,AEPAPT,3850.471,14.39,4,0.01439
8/19/2019 3:00:00 AM,RFC,WEST,AEP,AEPAPT,3741.628,13.704167,4,0.013704167
8/19/2019 4:00:00 AM,RFC,WEST,AEP,AEPAPT,3724.021,13.8125,4,0.0138125
8/19/2019 5:00:00 AM,RFC,WEST,AEP,AEPAPT,3878.66,16.335833,4,0.016335833
8/19/2019 6:00:00 AM,RFC,WEST,AEP,AEPAPT,4141.493,18.436667,4,0.018436667
8/19/2019 7:00:00 AM,RFC,WEST,AEP,AEPAPT,4328.873,17.991667,4,0.017991667
8/19/2019 8:00:00 AM,RFC,WEST,AEP,AEPAPT,4533.558,21.95,5,0.02195
8/19/2019 9:00:00 AM,RFC,WEST,AEP,AEPAPT,4843.854,23.833333,5,0.023833333
8/19/2019 10:00:00 AM,RFC,WEST,AEP,AEPAPT,5235.498,25.3725,5,0.0253725
8/19/2019 11:00:00 AM,RFC,WEST,AEP,AEPAPT,5656.159,27.084167,6,0.027084167
8/19/2019 12:00:00 PM,RFC,WEST,AEP,AEPAPT,5987.728,29.626667,6,0.029626667
8/19/2019 1:00:00 PM,RFC,WEST,AEP,AEPAPT,6233.763,33.271667,6,0.033271667
8/19/2019 2:00:00 PM,RFC,WEST,AEP,AEPAPT,6300.046,38.4725,6,0.0384725
8/19/2019 3:00:00 PM,RFC,WEST,AEP,AEPAPT,6273.384,29.766667,6,0.029766667
8/19/2019 4:00:00 PM,RFC,WEST,AEP,AEPAPT,6288.764,32.4375,6,0.0324375
8/19/2019 5:00:00 PM,RFC,WEST,AEP,AEPAPT,6296.696,36.7575,6,0.0367575
8/19/2019 6:00:00 PM,RFC,WEST,AEP,AEPAPT,6295.218,50.214167,6,0.050214167
8/19/2019 7:00:00 PM,RFC,WEST,AEP,AEPAPT,6084.928,30.9875,6,0.0309875
8/19/2019 8:00:00 PM,RFC,WEST,AEP,AEPAPT,5928.093,37.5975,6,0.0375975
8/19/2019 9:00:00 PM,RFC,WEST,AEP,AEPAPT,5628.228,26.061667,6,0.026061667
8/19/2019 10:00:00 PM,RFC,WEST,AEP,AEPAPT,5180.721,23.465,5,0.023465
8/19/2019 11:00:00 PM,RFC,WEST,AEP,AEPAPT,4745.75,21.6275,5,0.0216275
8/20/2019 12:00:00 AM,RFC,WEST,AEP,AEPAPT,4403.963,20.314167,4,0.020314167
8/20/2019 1:00:00 AM,RFC,WEST,AEP,AEPAPT,4158.952,17.780833,4,0.017780833
8/20/2019 2:00:00 AM,RFC,WEST,AEP,AEPAPT,3973.551,16.855833,4,0.016855833
8/20/2019 3:00:00 AM,RFC,WEST,AEP,AEPAPT,3879.863,15.456667,4,0.015456667
8/20/2019 4:00:00 AM,RFC,WEST,AEP,AEPAPT,3870.552,15.125,4,0.015125
8/20/2019 5:00:00 AM,RFC,WEST,AEP,AEPAPT,3987.99,16.851667,4,0.016851667
8/20/2019 6:00:00 AM,RFC,WEST,AEP,AEPAPT,4272.781,18.955833,4,0.018955833
8/20/2019 7:00:00 AM,RFC,WEST,AEP,AEPAPT,4408.548,19.525833,4,0.019525833
8/20/2019 8:00:00 AM,RFC,WEST,AEP,AEPAPT,4603.522,21.795,5,0.021795
8/20/2019 9:00:00 AM,RFC,WEST,AEP,AEPAPT,4901.928,23.685,5,0.023685
8/20/2019 10:00:00 AM,RFC,WEST,AEP,AEPAPT,5268.786,24.558333,5,0.024558333
8/20/2019 11:00:00 AM,RFC,WEST,AEP,AEPAPT,5646.675,24.245833,6,0.024245833
8/20/2019 12:00:00 PM,RFC,WEST,AEP,AEPAPT,5930.065,25.851667,6,0.025851667
8/20/2019 1:00:00 PM,RFC,WEST,AEP,AEPAPT,6167.874,36.723333,6,0.036723333
8/20/2019 2:00:00 PM,RFC,WEST,AEP,AEPAPT,6239.951,30.218333,6,0.030218333
8/20/2019 3:00:00 PM,RFC,WEST,AEP,AEPAPT,6221.354,28.019167,6,0.028019167
8/20/2019 4:00:00 PM,RFC,WEST,AEP,AEPAPT,6207.015,27.535833,6,0.027535833
8/20/2019 5:00:00 PM,RFC,WEST,AEP,AEPAPT,6136.572,26.9,6,0.0269
8/20/2019 6:00:00 PM,RFC,WEST,AEP,AEPAPT,6067.176,26.0475,6,0.0260475
8/20/2019 7:00:00 PM,RFC,WEST,AEP,AEPAPT,5909.634,24.959167,6,0.024959167
8/20/2019 8:00:00 PM,RFC,WEST,AEP,AEPAPT,5791.345,24.8875,6,0.0248875
8/20/2019 9:00:00 PM,RFC,WEST,AEP,AEPAPT,5491.51,23.821667,5,0.023821667
8/20/2019 10:00:00 PM,RFC,WEST,AEP,AEPAPT,5019.355,19.740833,5,0.019740833
8/20/2019 11:00:00 PM,RFC,WEST,AEP,AEPAPT,4590.673,18.060833,5,0.018060833
8/21/2019 12:00:00 AM,RFC,WEST,AEP,AEPAPT,4263.814,18.605833,4,0.018605833
8/21/2019 1:00:00 AM,RFC,WEST,AEP,AEPAPT,4047.065,16.768333,4,0.016768333
8/21/2019 2:00:00 AM,RFC,WEST,AEP,AEPAPT,3888.077,15.781667,4,0.015781667
8/21/2019 3:00:00 AM,RFC,WEST,AEP,AEPAPT,3809.885,15.194167,4,0.015194167
8/21/2019 4:00:00 AM,RFC,WEST,AEP,AEPAPT,3794.447,15.02,4,0.01502
8/21/2019 5:00:00 AM,RFC,WEST,AEP,AEPAPT,3926.818,16.561667,4,0.016561667
8/21/2019 6:00:00 AM,RFC,WEST,AEP,AEPAPT,4215.206,20.551667,4,0.020551667
8/21/2019 7:00:00 AM,RFC,WEST,AEP,AEPAPT,4346.24,19.488333,4,0.019488333
8/21/2019 8:00:00 AM,RFC,WEST,AEP,AEPAPT,4542.815,21.5875,5,0.0215875
8/21/2019 9:00:00 AM,RFC,WEST,AEP,AEPAPT,4810.019,23.9425,5,0.0239425
8/21/2019 10:00:00 AM,RFC,WEST,AEP,AEPAPT,5120.925,26.330833,5,0.026330833
8/21/2019 11:00:00 AM,RFC,WEST,AEP,AEPAPT,5476.971,24.278333,5,0.024278333
8/21/2019 12:00:00 PM,RFC,WEST,AEP,AEPAPT,5772.236,27.844167,6,0.027844167
8/21/2019 1:00:00 PM,RFC,WEST,AEP,AEPAPT,6053.46,29.6525,6,0.0296525
8/21/2019 2:00:00 PM,RFC,WEST,AEP,AEPAPT,6237.975,27.941667,6,0.027941667
8/21/2019 3:00:00 PM,RFC,WEST,AEP,AEPAPT,6314.1,30.139167,6,0.030139167
8/21/2019 4:00:00 PM,RFC,WEST,AEP,AEPAPT,6362.512,44.019167,6,0.044019167
8/21/2019 5:00:00 PM,RFC,WEST,AEP,AEPAPT,6307.553,29.5675,6,0.0295675
8/21/2019 6:00:00 PM,RFC,WEST,AEP,AEPAPT,6173.043,27.785,6,0.027785
8/21/2019 7:00:00 PM,RFC,WEST,AEP,AEPAPT,5958.925,27.305833,6,0.027305833
8/21/2019 8:00:00 PM,RFC,WEST,AEP,AEPAPT,5798.82,29.4575,6,0.0294575
8/21/2019 9:00:00 PM,RFC,WEST,AEP,AEPAPT,5477.857,24.0725,5,0.0240725
8/21/2019 10:00:00 PM,RFC,WEST,AEP,AEPAPT,5027.855,21.636667,5,0.021636667
8/21/2019 11:00:00 PM,RFC,WEST,AEP,AEPAPT,4590.665,20.190833,5,0.020190833
8/22/2019 12:00:00 AM,RFC,WEST,AEP,AEPAPT,4249.88,19.795,4,0.019795
8/22/2019 1:00:00 AM,RFC,WEST,AEP,AEPAPT,4028.374,18.375833,4,0.018375833
8/22/2019 2:00:00 AM,RFC,WEST,AEP,AEPAPT,3887.362,17.150833,4,0.017150833
8/22/2019 3:00:00 AM,RFC,WEST,AEP,AEPAPT,3796.587,16.338333,4,0.016338333
8/22/2019 4:00:00 AM,RFC,WEST,AEP,AEPAPT,3810.855,16.164167,4,0.016164167
8/22/2019 5:00:00 AM,RFC,WEST,AEP,AEPAPT,3928.101,18.485,4,0.018485
8/22/2019 6:00:00 AM,RFC,WEST,AEP,AEPAPT,4212.165,19.384167,4,0.019384167
8/22/2019 7:00:00 AM,RFC,WEST,AEP,AEPAPT,4368.003,19.813333,4,0.019813333
8/22/2019 8:00:00 AM,RFC,WEST,AEP,AEPAPT,4562.905,22.603333,5,0.022603333
8/22/2019 9:00:00 AM,RFC,WEST,AEP,AEPAPT,4859.987,23.691667,5,0.023691667
8/22/2019 10:00:00 AM,RFC,WEST,AEP,AEPAPT,5173.541,23.7725,5,0.0237725
8/22/2019 11:00:00 AM,RFC,WEST,AEP,AEPAPT,5555.77,24.328333,6,0.024328333
8/22/2019 12:00:00 PM,RFC,WEST,AEP,AEPAPT,5860.345,27.390833,6,0.027390833
8/22/2019 1:00:00 PM,RFC,WEST,AEP,AEPAPT,6087.844,30.064167,6,0.030064167
8/22/2019 2:00:00 PM,RFC,WEST,AEP,AEPAPT,6130.388,32.574167,6,0.032574167
8/22/2019 3:00:00 PM,RFC,WEST,AEP,AEPAPT,6014.669,29.1075,6,0.0291075
8/22/2019 4:00:00 PM,RFC,WEST,AEP,AEPAPT,5903.362,34.041667,6,0.034041667
8/22/2019 5:00:00 PM,RFC,WEST,AEP,AEPAPT,5763.37,32.773333,6,0.032773333
8/22/2019 6:00:00 PM,RFC,WEST,AEP,AEPAPT,5633.03,32.223333,6,0.032223333
8/22/2019 7:00:00 PM,RFC,WEST,AEP,AEPAPT,5454.174,24.315833,5,0.024315833
8/22/2019 8:00:00 PM,RFC,WEST,AEP,AEPAPT,5416.739,28.0675,5,0.0280675
8/22/2019 9:00:00 PM,RFC,WEST,AEP,AEPAPT,5202.407,21.000833,5,0.021000833
8/22/2019 10:00:00 PM,RFC,WEST,AEP,AEPAPT,4810.464,18.665833,5,0.018665833
8/22/2019 11:00:00 PM,RFC,WEST,AEP,AEPAPT,4448.842,17.333333,4,0.017333333
8/23/2019 12:00:00 AM,RFC,WEST,AEP,AEPAPT,4133.241,19.035833,4,0.019035833
8/23/2019 1:00:00 AM,RFC,WEST,AEP,AEPAPT,3984.013,17.391667,4,0.017391667
8/23/2019 2:00:00 AM,RFC,WEST,AEP,AEPAPT,3874.827,15.593333,4,0.015593333
8/23/2019 3:00:00 AM,RFC,WEST,AEP,AEPAPT,3818.754,16.820833,4,0.016820833
8/23/2019 4:00:00 AM,RFC,WEST,AEP,AEPAPT,3826.987,14.9575,4,0.0149575
8/23/2019 5:00:00 AM,RFC,WEST,AEP,AEPAPT,3982.376,16.536667,4,0.016536667
8/23/2019 6:00:00 AM,RFC,WEST,AEP,AEPAPT,4273.777,18.733333,4,0.018733333
8/23/2019 7:00:00 AM,RFC,WEST,AEP,AEPAPT,4444.836,18.160833,4,0.018160833
8/23/2019 8:00:00 AM,RFC,WEST,AEP,AEPAPT,4553.206,22.115833,5,0.022115833
8/23/2019 9:00:00 AM,RFC,WEST,AEP,AEPAPT,4625.83,23.344167,5,0.023344167
8/23/2019 10:00:00 AM,RFC,WEST,AEP,AEPAPT,4767.671,20.3025,5,0.0203025
8/23/2019 11:00:00 AM,RFC,WEST,AEP,AEPAPT,4914.016,22.975833,5,0.022975833
8/23/2019 12:00:00 PM,RFC,WEST,AEP,AEPAPT,5098.237,20.12,5,0.02012
8/23/2019 1:00:00 PM,RFC,WEST,AEP,AEPAPT,5207.926,21.053333,5,0.021053333
8/23/2019 2:00:00 PM,RFC,WEST,AEP,AEPAPT,5297.653,21.125833,5,0.021125833
8/23/2019 3:00:00 PM,RFC,WEST,AEP,AEPAPT,5304.5,26.603333,5,0.026603333
8/23/2019 4:00:00 PM,RFC,WEST,AEP,AEPAPT,5256.815,20.9475,5,0.0209475
8/23/2019 5:00:00 PM,RFC,WEST,AEP,AEPAPT,5184.113,20.286667,5,0.020286667
8/23/2019 6:00:00 PM,RFC,WEST,AEP,AEPAPT,5113.265,18.836667,5,0.018836667
8/23/2019 7:00:00 PM,RFC,WEST,AEP,AEPAPT,4931.373,17.725833,5,0.017725833
8/23/2019 8:00:00 PM,RFC,WEST,AEP,AEPAPT,4778.079,17.84,5,0.01784
8/23/2019 9:00:00 PM,RFC,WEST,AEP,AEPAPT,4597.362,15.9725,5,0.0159725
8/23/2019 10:00:00 PM,RFC,WEST,AEP,AEPAPT,4335.171,14.6125,4,0.0146125
8/23/2019 11:00:00 PM,RFC,WEST,AEP,AEPAPT,4037.224,14.876667,4,0.014876667
8/24/2019 12:00:00 AM,RFC,WEST,AEP,AEPAPT,3748.305,14.14,4,0.01414
8/24/2019 1:00:00 AM,RFC,WEST,AEP,AEPAPT,3546.381,14.819167,4,0.014819167
8/24/2019 2:00:00 AM,RFC,WEST,AEP,AEPAPT,3427.293,14.868333,3,0.014868333
8/24/2019 3:00:00 AM,RFC,WEST,AEP,AEPAPT,3343.182,13.23,3,0.01323
8/24/2019 4:00:00 AM,RFC,WEST,AEP,AEPAPT,3297.427,12.424167,3,0.012424167
8/24/2019 5:00:00 AM,RFC,WEST,AEP,AEPAPT,3354.402,12.929167,3,0.012929167
8/24/2019 6:00:00 AM,RFC,WEST,AEP,AEPAPT,3429.842,12.593333,3,0.012593333
8/24/2019 7:00:00 AM,RFC,WEST,AEP,AEPAPT,3508.137,12.5125,4,0.0125125
8/24/2019 8:00:00 AM,RFC,WEST,AEP,AEPAPT,3686.263,13.9575,4,0.0139575
8/24/2019 9:00:00 AM,RFC,WEST,AEP,AEPAPT,3847.812,14.278333,4,0.014278333
8/24/2019 10:00:00 AM,RFC,WEST,AEP,AEPAPT,3953.533,15.016667,4,0.015016667
8/24/2019 11:00:00 AM,RFC,WEST,AEP,AEPAPT,4058.014,17.021667,4,0.017021667
8/24/2019 12:00:00 PM,RFC,WEST,AEP,AEPAPT,4139.573,17.429167,4,0.017429167
8/24/2019 1:00:00 PM,RFC,WEST,AEP,AEPAPT,4201.594,18.068333,4,0.018068333
8/24/2019 2:00:00 PM,RFC,WEST,AEP,AEPAPT,4229.686,18.0975,4,0.0180975
8/24/2019 3:00:00 PM,RFC,WEST,AEP,AEPAPT,4266.983,18.226667,4,0.018226667
8/24/2019 4:00:00 PM,RFC,WEST,AEP,AEPAPT,4373.955,18.328333,4,0.018328333
8/24/2019 5:00:00 PM,RFC,WEST,AEP,AEPAPT,4405.481,18.378333,4,0.018378333
8/24/2019 6:00:00 PM,RFC,WEST,AEP,AEPAPT,4338.011,16.583333,4,0.016583333
8/24/2019 7:00:00 PM,RFC,WEST,AEP,AEPAPT,4235.112,16.158333,4,0.016158333
8/24/2019 8:00:00 PM,RFC,WEST,AEP,AEPAPT,4218.577,17.586667,4,0.017586667
8/24/2019 9:00:00 PM,RFC,WEST,AEP,AEPAPT,4076.081,16.624167,4,0.016624167
8/24/2019 10:00:00 PM,RFC,WEST,AEP,AEPAPT,3849.78,14.829167,4,0.014829167
8/24/2019 11:00:00 PM,RFC,WEST,AEP,AEPAPT,3597.742,12.59,4,0.01259
8/25/2019 12:00:00 AM,RFC,WEST,AEP,AEPAPT,3381.136,10.463333,3,0.010463333
8/25/2019 1:00:00 AM,RFC,WEST,AEP,AEPAPT,3240.507,10.643333,3,0.010643333
8/25/2019 2:00:00 AM,RFC,WEST,AEP,AEPAPT,3153.785,10.315,3,0.010315
8/25/2019 3:00:00 AM,RFC,WEST,AEP,AEPAPT,3091.339,9.914167,3,0.009914167
8/25/2019 4:00:00 AM,RFC,WEST,AEP,AEPAPT,3059.53,9.201667,3,0.009201667
8/25/2019 5:00:00 AM,RFC,WEST,AEP,AEPAPT,3071.987,10.199167,3,0.010199167
8/25/2019 6:00:00 AM,RFC,WEST,AEP,AEPAPT,3124.895,9.961667,3,0.009961667
8/25/2019 7:00:00 AM,RFC,WEST,AEP,AEPAPT,3207.88,7.686667,3,0.007686667
8/25/2019 8:00:00 AM,RFC,WEST,AEP,AEPAPT,3418.28,10.665,3,0.010665
8/25/2019 9:00:00 AM,RFC,WEST,AEP,AEPAPT,3620.46,12.338333,4,0.012338333
8/25/2019 10:00:00 AM,RFC,WEST,AEP,AEPAPT,3740.07,12.571667,4,0.012571667
8/25/2019 11:00:00 AM,RFC,WEST,AEP,AEPAPT,3874.909,14.396667,4,0.014396667
8/25/2019 12:00:00 PM,RFC,WEST,AEP,AEPAPT,4015.788,17.6925,4,0.0176925
8/25/2019 1:00:00 PM,RFC,WEST,AEP,AEPAPT,4148.083,16.196667,4,0.016196667
8/25/2019 2:00:00 PM,RFC,WEST,AEP,AEPAPT,4268.617,18.146667,4,0.018146667
8/25/2019 3:00:00 PM,RFC,WEST,AEP,AEPAPT,4348.145,18.6325,4,0.0186325
8/25/2019 4:00:00 PM,RFC,WEST,AEP,AEPAPT,4413.873,18.495833,4,0.018495833
8/25/2019 5:00:00 PM,RFC,WEST,AEP,AEPAPT,4447.283,18.640833,4,0.018640833
8/25/2019 6:00:00 PM,RFC,WEST,AEP,AEPAPT,4390.285,18.715,4,0.018715
8/25/2019 7:00:00 PM,RFC,WEST,AEP,AEPAPT,4289.508,18.865833,4,0.018865833
8/25/2019 8:00:00 PM,RFC,WEST,AEP,AEPAPT,4319.053,18.52,4,0.01852
8/25/2019 9:00:00 PM,RFC,WEST,AEP,AEPAPT,4159.295,16.141667,4,0.016141667
8/25/2019 10:00:00 PM,RFC,WEST,AEP,AEPAPT,3884.417,14.199167,4,0.014199167
8/25/2019 11:00:00 PM,RFC,WEST,AEP,AEPAPT,3621.047,12.546667,4,0.012546667
8/26/2019 12:00:00 AM,RFC,WEST,AEP,AEPAPT,3439.074,12.54,3,0.01254
8/26/2019 1:00:00 AM,RFC,WEST,AEP,AEPAPT,3321.564,12.345,3,0.012345
8/26/2019 2:00:00 AM,RFC,WEST,AEP,AEPAPT,3270.024,11.508333,3,0.011508333
8/26/2019 3:00:00 AM,RFC,WEST,AEP,AEPAPT,3259.721,11.349167,3,0.011349167
8/26/2019 4:00:00 AM,RFC,WEST,AEP,AEPAPT,3316.02,11.089167,3,0.011089167
8/26/2019 5:00:00 AM,RFC,WEST,AEP,AEPAPT,3480.874,12.634167,3,0.012634167
8/26/2019 6:00:00 AM,RFC,WEST,AEP,AEPAPT,3809.984,14.465833,4,0.014465833
8/26/2019 7:00:00 AM,RFC,WEST,AEP,AEPAPT,3964.256,14.340833,4,0.014340833
8/26/2019 8:00:00 AM,RFC,WEST,AEP,AEPAPT,4101.431,16.598333,4,0.016598333
8/26/2019 9:00:00 AM,RFC,WEST,AEP,AEPAPT,4265.674,17.3225,4,0.0173225
8/26/2019 10:00:00 AM,RFC,WEST,AEP,AEPAPT,4371.96,18.66,4,0.01866
8/26/2019 11:00:00 AM,RFC,WEST,AEP,AEPAPT,4493.879,18.730833,4,0.018730833
8/26/2019 12:00:00 PM,RFC,WEST,AEP,AEPAPT,4601.734,20.703333,5,0.020703333
8/26/2019 1:00:00 PM,RFC,WEST,AEP,AEPAPT,4746.479,19.201667,5,0.019201667
8/26/2019 2:00:00 PM,RFC,WEST,AEP,AEPAPT,4762.921,18.801667,5,0.018801667
8/26/2019 3:00:00 PM,RFC,WEST,AEP,AEPAPT,4795.625,19.103333,5,0.019103333
8/26/2019 4:00:00 PM,RFC,WEST,AEP,AEPAPT,4816.845,19.273333,5,0.019273333
8/26/2019 5:00:00 PM,RFC,WEST,AEP,AEPAPT,4785.904,19.085,5,0.019085
8/26/2019 6:00:00 PM,RFC,WEST,AEP,AEPAPT,4709.183,19.633333,5,0.019633333
8/26/2019 7:00:00 PM,RFC,WEST,AEP,AEPAPT,4633.591,19.585,5,0.019585
8/26/2019 8:00:00 PM,RFC,WEST,AEP,AEPAPT,4674.236,19.8175,5,0.0198175
8/26/2019 9:00:00 PM,RFC,WEST,AEP,AEPAPT,4493.747,18.645833,4,0.018645833
8/26/2019 10:00:00 PM,RFC,WEST,AEP,AEPAPT,4187.759,14.695833,4,0.014695833
8/26/2019 11:00:00 PM,RFC,WEST,AEP,AEPAPT,3907.164,14.034167,4,0.014034167
8/27/2019 12:00:00 AM,RFC,WEST,AEP,AEPAPT,3697.544,17.136667,4,0.017136667
8/27/2019 1:00:00 AM,RFC,WEST,AEP,AEPAPT,3550.504,14.115833,4,0.014115833
8/27/2019 2:00:00 AM,RFC,WEST,AEP,AEPAPT,3479.376,13.725833,3,0.013725833
8/27/2019 3:00:00 AM,RFC,WEST,AEP,AEPAPT,3439.442,12.8725,3,0.0128725
8/27/2019 4:00:00 AM,RFC,WEST,AEP,AEPAPT,3462.903,13.5,3,0.0135
8/27/2019 5:00:00 AM,RFC,WEST,AEP,AEPAPT,3607.453,14.9975,4,0.0149975
8/27/2019 6:00:00 AM,RFC,WEST,AEP,AEPAPT,3966.746,59.880833,4,0.059880833
8/27/2019 7:00:00 AM,RFC,WEST,AEP,AEPAPT,4117.212,16.2075,4,0.0162075
8/27/2019 8:00:00 AM,RFC,WEST,AEP,AEPAPT,4198.59,18.178333,4,0.018178333
8/27/2019 9:00:00 AM,RFC,WEST,AEP,AEPAPT,4273.175,19.835,4,0.019835
8/27/2019 10:00:00 AM,RFC,WEST,AEP,AEPAPT,4370.427,22.806667,4,0.022806667
8/27/2019 11:00:00 AM,RFC,WEST,AEP,AEPAPT,4437.948,35.980833,4,0.035980833
8/27/2019 12:00:00 PM,RFC,WEST,AEP,AEPAPT,4496.794,20.5475,4,0.0205475
8/27/2019 1:00:00 PM,RFC,WEST,AEP,AEPAPT,4625.212,22.939167,5,0.022939167
8/27/2019 2:00:00 PM,RFC,WEST,AEP,AEPAPT,4692.899,21.575,5,0.021575
8/27/2019 3:00:00 PM,RFC,WEST,AEP,AEPAPT,4749.173,33.07,5,0.03307
8/27/2019 4:00:00 PM,RFC,WEST,AEP,AEPAPT,4794.004,21.543333,5,0.021543333
8/27/2019 5:00:00 PM,RFC,WEST,AEP,AEPAPT,4849.694,23.479167,5,0.023479167
8/27/2019 6:00:00 PM,RFC,WEST,AEP,AEPAPT,4838.331,27.326667,5,0.027326667
8/27/2019 7:00:00 PM,RFC,WEST,AEP,AEPAPT,4814.582,24.481667,5,0.024481667
8/27/2019 8:00:00 PM,RFC,WEST,AEP,AEPAPT,4828.889,30.695833,5,0.030695833
8/27/2019 9:00:00 PM,RFC,WEST,AEP,AEPAPT,4676.593,20.688333,5,0.020688333
8/27/2019 10:00:00 PM,RFC,WEST,AEP,AEPAPT,4355.148,17.0975,4,0.0170975
8/27/2019 11:00:00 PM,RFC,WEST,AEP,AEPAPT,4043.791,17.923333,4,0.017923333
8/28/2019 12:00:00 AM,RFC,WEST,AEP,AEPAPT,3826.841,17.6575,4,0.0176575
8/28/2019 1:00:00 AM,RFC,WEST,AEP,AEPAPT,3710.303,15.388333,4,0.015388333
8/28/2019 2:00:00 AM,RFC,WEST,AEP,AEPAPT,3608.796,12.489167,4,0.012489167
8/28/2019 3:00:00 AM,RFC,WEST,AEP,AEPAPT,3588.97,13.228333,4,0.013228333
8/28/2019 4:00:00 AM,RFC,WEST,AEP,AEPAPT,3617.912,12.820833,4,0.012820833
8/28/2019 5:00:00 AM,RFC,WEST,AEP,AEPAPT,3763.693,14.06,4,0.01406
8/28/2019 6:00:00 AM,RFC,WEST,AEP,AEPAPT,4052.503,15.7625,4,0.0157625
8/28/2019 7:00:00 AM,RFC,WEST,AEP,AEPAPT,4215.271,16.811667,4,0.016811667
8/28/2019 8:00:00 AM,RFC,WEST,AEP,AEPAPT,4315.388,19.200833,4,0.019200833
8/28/2019 9:00:00 AM,RFC,WEST,AEP,AEPAPT,4455.741,23.101667,4,0.023101667
8/28/2019 10:00:00 AM,RFC,WEST,AEP,AEPAPT,4625.688,22.409167,5,0.022409167
8/28/2019 11:00:00 AM,RFC,WEST,AEP,AEPAPT,4820.881,21.7575,5,0.0217575
8/28/2019 12:00:00 PM,RFC,WEST,AEP,AEPAPT,5029.747,21.299167,5,0.021299167
8/28/2019 1:00:00 PM,RFC,WEST,AEP,AEPAPT,5217.97,22.576667,5,0.022576667
8/28/2019 2:00:00 PM,RFC,WEST,AEP,AEPAPT,5345.223,22.906667,5,0.022906667
8/28/2019 3:00:00 PM,RFC,WEST,AEP,AEPAPT,5483.953,21.513333,5,0.021513333
8/28/2019 4:00:00 PM,RFC,WEST,AEP,AEPAPT,5547.162,22.098333,6,0.022098333
8/28/2019 5:00:00 PM,RFC,WEST,AEP,AEPAPT,5573.29,23.883333,6,0.023883333
8/28/2019 6:00:00 PM,RFC,WEST,AEP,AEPAPT,5421.97,21.611667,5,0.021611667
8/28/2019 7:00:00 PM,RFC,WEST,AEP,AEPAPT,5148.871,21.945833,5,0.021945833
8/28/2019 8:00:00 PM,RFC,WEST,AEP,AEPAPT,5029.935,22.855,5,0.022855
8/28/2019 9:00:00 PM,RFC,WEST,AEP,AEPAPT,4781.617,19.386667,5,0.019386667
8/28/2019 10:00:00 PM,RFC,WEST,AEP,AEPAPT,4353.529,16.7375,4,0.0167375
8/28/2019 11:00:00 PM,RFC,WEST,AEP,AEPAPT,4005.994,16.0025,4,0.0160025
8/29/2019 12:00:00 AM,RFC,WEST,AEP,AEPAPT,3706.629,16.594167,4,0.016594167
8/29/2019 1:00:00 AM,RFC,WEST,AEP,AEPAPT,3528.013,14.721667,4,0.014721667
8/29/2019 2:00:00 AM,RFC,WEST,AEP,AEPAPT,3435.893,13.730833,3,0.013730833
8/29/2019 3:00:00 AM,RFC,WEST,AEP,AEPAPT,3357.166,11.259167,3,0.011259167
8/29/2019 4:00:00 AM,RFC,WEST,AEP,AEPAPT,3373.047,12.669167,3,0.012669167
8/29/2019 5:00:00 AM,RFC,WEST,AEP,AEPAPT,3515.564,12.364167,4,0.012364167
8/29/2019 6:00:00 AM,RFC,WEST,AEP,AEPAPT,3820.708,15.911667,4,0.015911667
8/29/2019 7:00:00 AM,RFC,WEST,AEP,AEPAPT,3960.264,15.558333,4,0.015558333
8/29/2019 8:00:00 AM,RFC,WEST,AEP,AEPAPT,4090.982,15.049167,4,0.015049167
8/29/2019 9:00:00 AM,RFC,WEST,AEP,AEPAPT,4218.641,16.903333,4,0.016903333
8/29/2019 10:00:00 AM,RFC,WEST,AEP,AEPAPT,4415.883,19.465,4,0.019465
8/29/2019 11:00:00 AM,RFC,WEST,AEP,AEPAPT,4562.79,19.823333,5,0.019823333
8/29/2019 12:00:00 PM,RFC,WEST,AEP,AEPAPT,4701.896,20.381667,5,0.020381667
8/29/2019 1:00:00 PM,RFC,WEST,AEP,AEPAPT,4906.799,20.894167,5,0.020894167
8/29/2019 2:00:00 PM,RFC,WEST,AEP,AEPAPT,5047.859,36.484167,5,0.036484167
8/29/2019 3:00:00 PM,RFC,WEST,AEP,AEPAPT,5181.862,101.378333,5,0.101378333
8/29/2019 4:00:00 PM,RFC,WEST,AEP,AEPAPT,5275.598,27.171667,5,0.027171667
8/29/2019 5:00:00 PM,RFC,WEST,AEP,AEPAPT,5293.109,40.089167,5,0.040089167
8/29/2019 6:00:00 PM,RFC,WEST,AEP,AEPAPT,5163.312,21.914167,5,0.021914167
8/29/2019 7:00:00 PM,RFC,WEST,AEP,AEPAPT,4949.723,22.0775,5,0.0220775
8/29/2019 8:00:00 PM,RFC,WEST,AEP,AEPAPT,4874.671,23.7075,5,0.0237075
8/29/2019 9:00:00 PM,RFC,WEST,AEP,AEPAPT,4594.292,19.036667,5,0.019036667
8/29/2019 10:00:00 PM,RFC,WEST,AEP,AEPAPT,4180.533,18.158333,4,0.018158333
8/29/2019 11:00:00 PM,RFC,WEST,AEP,AEPAPT,3844.942,17.436667,4,0.017436667
8/30/2019 12:00:00 AM,RFC,WEST,AEP,AEPAPT,3598.975,15.921667,4,0.015921667
8/30/2019 1:00:00 AM,RFC,WEST,AEP,AEPAPT,3436.073,14.590833,3,0.014590833
8/30/2019 2:00:00 AM,RFC,WEST,AEP,AEPAPT,3331.142,13.6175,3,0.0136175
8/30/2019 3:00:00 AM,RFC,WEST,AEP,AEPAPT,3278.109,13.32,3,0.01332
8/30/2019 4:00:00 AM,RFC,WEST,AEP,AEPAPT,3320.736,13.7325,3,0.0137325
8/30/2019 5:00:00 AM,RFC,WEST,AEP,AEPAPT,3467.071,14.441667,3,0.014441667
8/30/2019 6:00:00 AM,RFC,WEST,AEP,AEPAPT,3761.857,15.6975,4,0.0156975
8/30/2019 7:00:00 AM,RFC,WEST,AEP,AEPAPT,3964.757,17.693333,4,0.017693333
8/30/2019 8:00:00 AM,RFC,WEST,AEP,AEPAPT,4086.181,16.956667,4,0.016956667
8/30/2019 9:00:00 AM,RFC,WEST,AEP,AEPAPT,4222.469,20.885,4,0.020885
8/30/2019 10:00:00 AM,RFC,WEST,AEP,AEPAPT,4401.114,28.785833,4,0.028785833
8/30/2019 11:00:00 AM,RFC,WEST,AEP,AEPAPT,4585.468,19.875,5,0.019875
8/30/2019 12:00:00 PM,RFC,WEST,AEP,AEPAPT,4806.22,22.430833,5,0.022430833
8/30/2019 1:00:00 PM,RFC,WEST,AEP,AEPAPT,5054.422,23.920833,5,0.023920833
8/30/2019 2:00:00 PM,RFC,WEST,AEP,AEPAPT,5304.18,22.910833,5,0.022910833
8/30/2019 3:00:00 PM,RFC,WEST,AEP,AEPAPT,5494.791,33.258333,5,0.033258333
8/30/2019 4:00:00 PM,RFC,WEST,AEP,AEPAPT,5646.895,41.280833,6,0.041280833
8/30/2019 5:00:00 PM,RFC,WEST,AEP,AEPAPT,5713.182,29.256667,6,0.029256667
8/30/2019 6:00:00 PM,RFC,WEST,AEP,AEPAPT,5563.626,21.73,6,0.02173
8/30/2019 7:00:00 PM,RFC,WEST,AEP,AEPAPT,5274.183,24.066667,5,0.024066667
8/30/2019 8:00:00 PM,RFC,WEST,AEP,AEPAPT,5108.953,28.875,5,0.028875
8/30/2019 9:00:00 PM,RFC,WEST,AEP,AEPAPT,4801.16,21.904167,5,0.021904167
8/30/2019 10:00:00 PM,RFC,WEST,AEP,AEPAPT,4427.573,19.088333,4,0.019088333
8/30/2019 11:00:00 PM,RFC,WEST,AEP,AEPAPT,4093.782,19.101667,4,0.019101667
8/31/2019 12:00:00 AM,RFC,WEST,AEP,AEPAPT,3798.975,18.531667,4,0.018531667
8/31/2019 1:00:00 AM,RFC,WEST,AEP,AEPAPT,3591.449,17.810833,4,0.017810833
8/31/2019 2:00:00 AM,RFC,WEST,AEP,AEPAPT,3453.036,14.956667,3,0.014956667
8/31/2019 3:00:00 AM,RFC,WEST,AEP,AEPAPT,3375.389,14.185833,3,0.014185833
8/31/2019 4:00:00 AM,RFC,WEST,AEP,AEPAPT,3347.311,12.145833,3,0.012145833
8/31/2019 5:00:00 AM,RFC,WEST,AEP,AEPAPT,3364.77,11.39,3,0.01139
8/31/2019 6:00:00 AM,RFC,WEST,AEP,AEPAPT,3391.098,11.834167,3,0.011834167
8/31/2019 7:00:00 AM,RFC,WEST,AEP,AEPAPT,3439.306,11.83,3,0.01183
8/31/2019 8:00:00 AM,RFC,WEST,AEP,AEPAPT,3658.224,13.6,4,0.0136
8/31/2019 9:00:00 AM,RFC,WEST,AEP,AEPAPT,3932.201,17.0725,4,0.0170725
8/31/2019 10:00:00 AM,RFC,WEST,AEP,AEPAPT,4218.619,19.123333,4,0.019123333
8/31/2019 11:00:00 AM,RFC,WEST,AEP,AEPAPT,4564.828,21.600833,5,0.021600833
8/31/2019 12:00:00 PM,RFC,WEST,AEP,AEPAPT,4907.27,22.3775,5,0.0223775
8/31/2019 1:00:00 PM,RFC,WEST,AEP,AEPAPT,5179.258,22.278333,5,0.022278333
8/31/2019 2:00:00 PM,RFC,WEST,AEP,AEPAPT,5380.313,25.889167,5,0.025889167
8/31/2019 3:00:00 PM,RFC,WEST,AEP,AEPAPT,5505.735,25.573333,6,0.025573333
8/31/2019 4:00:00 PM,RFC,WEST,AEP,AEPAPT,5544.822,31.115833,6,0.031115833
8/31/2019 5:00:00 PM,RFC,WEST,AEP,AEPAPT,5511.39,25.055833,6,0.025055833
8/31/2019 6:00:00 PM,RFC,WEST,AEP,AEPAPT,5381.926,22.801667,5,0.022801667
8/31/2019 7:00:00 PM,RFC,WEST,AEP,AEPAPT,5105.092,19.844167,5,0.019844167
8/31/2019 8:00:00 PM,RFC,WEST,AEP,AEPAPT,4980.863,20.999167,5,0.020999167
8/31/2019 9:00:00 PM,RFC,WEST,AEP,AEPAPT,4730.94,18.555833,5,0.018555833
8/31/2019 10:00:00 PM,RFC,WEST,AEP,AEPAPT,4395.522,18.138333,4,0.018138333
8/31/2019 11:00:00 PM,RFC,WEST,AEP,AEPAPT,4057.541,18.419167,4,0.018419167
